Category,Mean_Surprisal_Singular,Std_Surprisal_Singular,Mean_Surprisal_Plural,Std_Surprisal_Plural,Mean_Difference,Std_Difference,CI_95_Lower,CI_95_Upper
Regular,12.063527543629919,1.6935820123059298,12.973924785852432,1.9360316859604536,0.9103972422225132,1.5529246776109886,0.4945212977803417,1.3262731866646846
Irregular,12.08008875165667,1.8656061433419304,12.647650693144117,1.9083275759150533,0.5675619414874482,1.6702881307279789,0.12025585905358105,1.0148680239213155
