Category,Mean_Surprisal_Singular,Std_Surprisal_Singular,Mean_Surprisal_Plural,Std_Surprisal_Plural,Mean_Difference,Std_Difference,CI_95_Lower,CI_95_Upper
Regular,13.824191042355128,2.617331419817386,15.250139919774872,2.8479813063718624,1.4259488774197446,1.685720102318189,0.974510086006356,1.8773876688331332
Irregular,14.360847666859627,2.7719786954978916,14.749064526387624,2.514487794198143,0.3882168595279966,1.5919505126606723,-0.03811027178944537,0.8145439908454386
