Category,Mean_Surprisal_Singular,Std_Surprisal_Singular,Mean_Surprisal_Plural,Std_Surprisal_Plural,Mean_Difference,Std_Difference,CI_95_Lower,CI_95_Upper
Regular,14.220799258777074,2.1118500753368967,14.466651967593602,2.1910157513680875,0.2458527088165283,1.9233201486456417,-0.26921579052187383,0.7609212081549305
Irregular,14.616226468767438,2.0072337051976423,14.114194069589887,2.5356682731705695,-0.502032399177551,1.4352181856541901,-0.8863863392268148,-0.11767845912828728
