Category,Mean_Surprisal_Singular,Std_Surprisal_Singular,Mean_Surprisal_Plural,Std_Surprisal_Plural,Mean_Difference,Std_Difference,CI_95_Lower,CI_95_Upper
Regular,11.510744154453278,3.9763503247350696,12.105584638459343,3.5178615333274434,0.5948404840060643,2.2661835434307185,-0.012047432060424579,1.201728400072553
Irregular,11.71578368970326,4.337521199999576,12.392322548798152,3.8403305777088574,0.6765388590948921,2.1474958187211586,0.10143572326849515,1.2516419949212891
