Category,Mean_Surprisal_Singular,Std_Surprisal_Singular,Mean_Surprisal_Plural,Std_Surprisal_Plural,Mean_Difference,Std_Difference,CI_95_Lower,CI_95_Upper
Regular,11.758699229785375,1.7893014451356528,12.940273757491793,1.9936235131732618,1.1815745277064187,1.5948080026137583,0.754482155582319,1.6086668998305185
Irregular,12.075060205800193,1.620910718315419,12.42777123621532,1.924370811416707,0.352711030415126,1.5573399722866328,-0.0643473376627165,0.7697693984929685
