Category,Mean_Surprisal_Singular,Std_Surprisal_Singular,Mean_Surprisal_Plural,Std_Surprisal_Plural,Mean_Difference,Std_Difference,CI_95_Lower,CI_95_Upper
Regular,12.950827538967133,1.8697977600178681,13.996565676161222,2.0826808892728814,1.0457381371940888,1.3033610819229713,0.6966957601177246,1.394780514270453
Irregular,13.289895219462258,1.7443900640298815,13.588798099330493,2.173048408221527,0.29890287986823477,1.0588869079629903,0.01533111411845256,0.582474645618017
